<?xml version='1.0' encoding='UTF-8' standalone='yes' ?>
<layer_system _id="16" layer="custom" name="Recce_a" layer_system_description="R.B. Allen (1992): RECCE An inventory method for describing New Zealand vegetation: A field manual. Manaaki Whenua - Landcare Research, Christchurch, NZ" />
<layers>
	<layer_1 abbreviation="t1" name="tier 1" min_height="25" max_height="" visibility="FALSE" criteria="Non-standard tier to deal with isolated occurrences of tall plants. Minimum height: 25 m" protocol="" />
	<layer_2 abbreviation="t2" name="tier 2" min_height="12" max_height="25" visibility="FALSE" criteria="Non-standard tier to deal with isolated occurrences of tall plants. Height 12 m to 25 m." protocol="" />
	<layer_3 abbreviation="t3" name="tier 3" min_height="5" max_height="12" visibility="TRUE" criteria="Height 5 m to 12 m" protocol="" />
	<layer_4 abbreviation="t4" name="tier 4" min_height="2" max_height="5" visibility="TRUE" criteria="Height 2 m to 5 m" protocol="" />
	<layer_5 abbreviation="t5A" name="tier 5A" min_height="1" max_height="2" visibility="TRUE" criteria="Height 1 m to 2 m" protocol="" />
	<layer_6 abbreviation="t5B" name="tier 5B" min_height="0.3" max_height="1" visibility="TRUE" criteria="Height 0.3 m to 1 m" protocol="" />
	<layer_7 abbreviation="t6A" name="tier 6A" min_height="0.1" max_height="0.3" visibility="TRUE" criteria="Height 0.1 m to 0.3 m" protocol="" />
	<layer_8 abbreviation="t6B" name="tier 6B" min_height="" max_height="0.1" visibility="TRUE" criteria="Maximum height 0.1 m" protocol="" />
	<layer_9 abbreviation="t7" name="Epiphytes" min_height="" max_height="" visibility="TRUE" criteria="Epiphytes (at any height)" protocol="" />
</layers>